peptide_id,peptide_sequence,secondary_structure,helix%,sheet%,coil%
1lyp,GLRKRLRKFRNKIKEKLKKIGQKIQGLLPKLA,CHHHHHHHHHHHHHHHHHHHHHHHHHHHHHHC,93.75,0.00,6.25
1myn,DCLSGRYKGPCAVWDNETCRRVCKEEGRSSGHCSPSLKCWCEGC,HCCCEEEECCCCCEEEECCCCECCCCEECECEHHHHHHHHHHHH,29.55,29.55,40.91
1s6w,GCRFCCNCCPNMSGCGVCCRF,CCEEECCCCCCCCCCEEECCC,0.00,28.57,71.43
2ap7-2ap8,IIGPVLGLVGSALGGLLKKI,CCCCCCCCCCHHHHHHHHHH,50.00,0.00,50.00
2l3i,GIRCPKSWKCKAFKQRVLKRLLAMLRQHAF,HHCCCCCCHHHHHHHHHHHHHHHHHCCCCC,63.33,0.00,36.67
2lt8,GFGCPGDAYQCSEHCRALGGGRTGGYCAGPWYLGHPTCTCSF,CCCCCCCCECCCHHHHHCCCCECCEEEECCCCCCCEEEEECC,11.90,26.19,61.90
2mbd,GLPRKILCAIAKKKGKCKGPLKLVCKC,CCCCHCHHHHHHCCCEEECCCCEEEEC,25.93,25.93,48.15
2mhw,GIGGVLLSAGKAALKGLAKVLAEKYAN,CCCCCCHHHHHHHHCCCEECHCCHCCC,37.04,7.41,55.56
2mwt,KRFKKFFKKVKKSVKKRLKKIFKKPMVIGVTIPF,CEHCCECCCCCCCCCCCCCHHHHHHHHHHHCCCC,35.29,5.88,58.82
5j6v,DIFGAIWPLALGALKNLIK,CHCHHHHHHCHHHHHHHCC,73.68,0.00,26.32
5j6w-5j6t,KIFGAIWPLALGALKNLIK,CCHHHHHHHHHCCCCCCCH,52.63,0.00,47.37
5z1y,NLCASLRARHTIPQCRKFGRR,CCCCHHHHHHHHHCCCCCCEC,42.86,4.76,52.38
6dst-2mlt-2mw6-1bh1-6o4m,GIGAVLKVLTTGLPALISWIKRKRQQ,CCCCCHHHHHCCCCCCHHHHHHHHHC,53.85,0.00,46.15
6hz2,GIGGKILSGLKTALKGAAKELASTYLH,CCCCCCHEEHHHHHHHHHHHHHHHHHC,66.67,7.41,25.93
6ry9,GRRKRKWLRRIGKGVKIIGGAALDHL,CCCCCHHHHHCCCCCCHHHHHHHHHC,53.85,0.00,46.15
6rzc,GWGSIFKHGRHAAKHIGHAAVNHYL,CCHCEECCCCCHHHHHHCHHHHCCC,44.00,8.00,48.00
1dum,GIGKYLHSAKKFGKAWVGEIMNS,CCCCCCCCHHHHHHHHHHHHCCC,52.17,0.00,47.83
2b68,GFGCPGNQLKCNNHCKSISCRAGYCDAATLWLRCTCTDCNGKK,CCCCCCCCHHHHHHHHHHCCCEEECCCCCCCCCCEEECCCCCC,23.26,13.95,62.79
2l5r,GLKEIFKAGLGSLVKGIAAHVAS,CHHHHHHHHHHHHHHHHHHHHCC,86.96,0.00,13.04
2mag-2lsa,GIGKFLHSAKKFGKAFVGEIMNS,CCCHHHHHHHHHHHHHHHHHCCC,73.91,0.00,26.09
4mgp-5gcn,GIGKFLHAAKKFAKAFVAEIMNS,CCCHHHHHHHHHHHHHHHHHCCC,73.91,0.00,26.09
5xa6,GFGCPFNQGKCHRHCRSIRRRGGYCDGFLKQRCVCYRK,CCCCCCCCEEEEEHHCHECCCEEEEECCCCCEEEEECC,7.89,42.11,50.00
6e3y,ACDTATCVTHRLAGLLSRSGGVVKNNFVPTNVGSKAF,CCCCCEECHHHHHHHHHCCCCEEECCCCCCCCCCCCC,24.32,13.51,62.16
6g4i-6g4k-6g4u,FLPILASLAAKFGPKLFCLVTKKC,CCCHHHHHHHCCCCCEEECCEECC,29.17,20.83,50.00
6rz1,FLGALIKGAIHGGRFIHGMIQNHH,CCCHHHHHHHCCCCEECHHHECCC,41.67,12.50,45.83
1dfn,DCYCRIPACIAGERRYGTCIYQGRLWAFCC,CCEEECCCCCCCCCEEEEEEECCEEEEEEC,0.00,53.33,46.67
1ica,ATCDLLSGTGINHSACAAHCLLRGNRGGYCNGKGVCVCRN,CCCCCCCCCCCCCHHHHHHHHHHCCCEEEECCCCCEECEC,25.00,17.50,57.50
1l4v,ATCDLLSGTGINHSACAAHCLLRGNRGGYCNGKAVCVCRN,CCCCCCCCCCCCCHHHHHHHHHHCCCEEEEECCCEEEEEC,25.00,25.00,50.00
1z6w-1z6v,GRRRRSVQWCAVSQPEATKCFQWQRNMRKVRGPPVSCIKRDSPIQCIQA,CCCCCCCCCCCCCHHHHCHHHHHHHHCCCCCCCCCCCCCCCHHHHHCCC,34.69,0.00,65.31
2e3g,ATCDLASKWNWNHTLCAAHCIARRYRGGYCNSKAVCVCRN,CCCCCCCCCCCHHHCHHHHHHHCCCCEEEECCCCCEEEEC,25.00,20.00,55.00
2kj7,KCNTATCATQRLANFLVRSSNNLGPVLPPTNVGSNTY,CCCCCCHHHHHHHHHHHCCHHHHCCCCCCCCCCCCCC,40.54,0.00,59.46
2kux,GTPCGESCVYIPCISGVIGCSCTDKVCYLN,CEEEEEECCCCCCCHHHHCCEEECCEEEEC,13.33,43.33,43.33
2leu-1cw6-3leu,KYYGNGVHCTKSGCSVNWGEAFSAGVHRLANGGNGFW,CECCCCCEEECCEEECCCHHHHHHHHHHHHCCCCCCC,32.43,18.92,48.65
2ljq,KYYGNGVHSTKSGSSVNWGEAFSAGVHRLANGGNGFW,CECCCCCCCHHHHHHHHHHHHHHHHHHHHHCCCCCCC,56.76,2.70,40.54
2ljt,KYYGNGVHLTKSGLSVNWGEAFSAGVHRLANGGNGFW,CECCCCHHHHHHHHHHHHHHHHHHHHHHHHCCCCCCC,64.86,2.70,32.43
2lld,ATCDLLSGTGVKHSACAAHCLLRGNRGGYCNGRAICVCRN,CCCCCCCCCCCCCHHHHHHHHHHCCCEEEEECCCEEEEEC,25.00,25.00,50.00
2mcw-2mcx-6pez,FIHHIFRGIVHAGRSIGRFLTG,CCCCCCCCHEECCCCHHHCCCC,18.18,9.09,72.73
2ny8,ATCDLASGFGVGSSLCAAHCIARRYRGGYCNSKAVCVCRN,CCCCCCCCCCCCCHHHHHHHHHCCCCEEEECCCCCEEEEC,22.50,20.00,57.50
2nz3,ATCDLASIFNVNHALCAAHCIARRYRGGYCNSKAVCVCRN,CCCCCCCCCCCCCHHHHHHHHHCCCCEEEECCCCCEEEEC,22.50,20.00,57.50
3e7u-3e7r-1zfu,GFGCNGPWDEDDMQCHNHCKSIKGYKGGYCAKGGFVCKCY,CCCECCCCCECHHHHHHHHHHCCCCCCEEEECCCCEEEEC,25.00,25.00,50.00
3go0-3gny-3hjd-2kht,ACYCRIPACIAGERRYGTCIYQGRLWAFCC,CCEEECCCCCCCCCEEEEEEECCEEEEEEC,0.00,53.33,46.67
3h6c,ACYCRIPACIAGERRYGTCIYAGRLWAFCC,CCEEECCCCCCCCCEEEEEEECCEEEEEEC,0.00,53.33,46.67
3hj2,CGGACYCRIPACIAGERRYGTCIYQGRLWAFCC,CCCCEEEECCCCCCCCCEEEEEEECCEEEEEEC,0.00,51.52,48.48
3lvx,ACYCRAPACIAGERRYGTCIYQGRLWAFCC,CCEEECCCCCCCCCEEEEEEECCEEEEEEC,0.00,53.33,46.67
4du0,ACYCRIPACIAGERRYATCIYQGRLWAFCC,CCEEECCCCCCCCCEEEEEEECCEEEEEEC,0.00,53.33,46.67
4lbb,ACYCRIPACIAGERRYGTCAYQGRLWAFCC,CCEEECCCCCCCCCEEEEEEECCEEEEEEC,0.00,53.33,46.67
6k50,GFGCNGPWNEDDLRCHNHCKSIKGYKGGYCAKGGFVCKCY,CCCECCCCCHCHEHHHHHHHHCCCCCCEEEECCCCEEEEC,25.00,25.00,50.00
6k51,GFGCNGPWQEDDLKCHNHCKSIKGYKGGYCAKGGFVCKCY,CCCECCCCCHCHHEHHHHHHHCCCCCCEEEECCCCEEEEC,25.00,25.00,50.00
6ryq,WLRRIGKGVKIIGGAALDHL,CCCHHHCCCEECHCCHCCCC,25.00,10.00,65.00
6s2d,GKGRWLERIGKAGFIIIGGALDHL,CCCCHHHHCCCHHCEEHHCHHCCC,41.67,8.33,50.00
1kj5-1e4s-1ijv-1iju,DHYNCVSSGGQCLYSACPIFTKIQGTCYRGKAKCCK,CHHHHHHCCCEEECCCCCCCCCEEEEECCCCEEEEC,16.67,33.33,50.00
1zrx,RGFRKHFNKLVKKVKHTISETAHVAKDTAVIAGSGAAVVAAT,CCCHHHHHHHHHHHHHHHHHHHCHHHHCCCCHHHCHHHHHHC,76.19,0.00,23.81
2g9l,GILDTLKQFAKGVGKDLVKGAAQGVLSTVSCKLAKTC,CHHHHHHHHHCCCCHHHHHHHCCCCHHHHHHCCCCCC,59.46,0.00,40.54
2g9p,GLFGKLIKKFGRKAISYAVKKARGKH,CHHHHHHHHHCCHHHHHHHHHCCCCC,69.23,0.00,30.77
2k98,GIGKFLKKAKKGIGAVLKVLTTGL,CCHHHHHHCCCCHHHHHHHHHHHC,70.83,0.00,29.17
2l36,GIGKALKKAKKGIGAVLKVLTTGL,CCHHHHHHHCCCHHHHHHHHHHHC,75.00,0.00,25.00
2m8v,ADRGWIKTLTKDCPNVISSICAGTIITACKNCA,CCCCECEHCCCCCCCECHECCCCCCEEECCECC,6.06,24.24,69.70
2ncx,GLNALKKVFQGIHEAIKLINNHVQ,CCHHHHHHHCCCHHHHHHHHHCCC,66.67,0.00,33.33
2ncy,GLNALKKVFQPIHEAIKLINNHVQ,CCHHHHHECCCCHHHHHHHHHCCC,58.33,4.17,37.50
2nlb,DHYACVSSGGQCLYSACPIFTKIQGTCYRGKAKCCK,CHHHHHHCCCEEECCCCCCCCCEEEEECCCCEEEEC,16.67,33.33,50.00
2nlc,DHYNCVSAGGQCLYSACPIFTKIQGTCYRGKAKCCK,CHHHHHHCCCEEECCCCCCCCCEEEEECCCCEEEEC,16.67,33.33,50.00
2nld,DHYNCVSSGGACLYSACPIFTKIQGTCYRGKAKCCK,CHHHHHHCCCEEECCCCCCCCCEEEEECCCCEEEEC,16.67,33.33,50.00
2nlh,DHYNCVSSGGQCLYSACPIFTKIAGTCYRGKAKCCK,CHHHHHHCCCEEECCCCCCCCCEEEEECCCCEEEEC,16.67,33.33,50.00
2nlp,DHYNCVSSGGQCLYSACPIFTKIEGTCYRGKAKCCK,CHHHHHHCCCEEECCCCCCCCCEEEEECCCCEEEEC,16.67,33.33,50.00
5gwg,LRVRRTLQCSCRRVCRNTCSCIRLSRSTYAS,CCCCHHCEEEEECCECCEEEEECCCCHHCCC,12.90,35.48,51.61
5lwc,MAGLLRFLLSKGRALYNWAKSHVGKVWEWLKSGATYEQIKEWIENALGWR,CCCHHHHHHHHHHHHEHHHHHHCCCHHHHHHCCCCEHHHHHHHHHHCCCC,68.00,4.00,28.00
5ujr,WGWKEVVQNGQTIFSAGQKLGNMVGKIVPLPFG,CCEEEEHHCCCEEEHHCCECCHHHCCCCCCCCC,21.21,24.24,54.55
6c41,VFQFLGKIIHHVGNFVHGFSHVF,CCCHHEHCCHHHCCECCCEECCC,26.09,17.39,56.52
6cl3,IWLTALKFLGKNLGKLAKQQLAKL,CCCHHHHHHHHHHHHHHHHHHHCC,79.17,0.00,20.83
6fs4,TKLTEEEKNRLNFLKKISQRYQKFALPQYLK,CCCHHHHHHHHHHHHHHHHHHHHCCCCCCCC,64.52,0.00,35.48
6g4x-6g4v,FLPILASLAAKFGPKLFSLVTKKS,CCCHHHHHHHCCCCEHHHHHHCCC,54.17,4.17,41.67
6r95-6r96,FLPILASLAAKFGPKLFALVTKKA,CCCHHHHHHHCCCCHHHHHHHCCC,58.33,0.00,41.67
6rsf,GWGSFFRRAAHVGRHVGRAALTHYL,CHCHHHHHHHHHHHHEHHHHCHCCC,72.00,4.00,24.00
1f0d-1d9j,KWKLFKKIGIGKFLHSAKKF,CCCCHHHCCCCHHHHHHHCC,50.00,0.00,50.00
1i2u,DKLIGSCVWGAVNYTSDCNGECKRRGYKGGHCGSFANVNCWCET,CEEEEECCCCCCCECCCHHHHHHHCCCCEEEEECCCCCEEEEEC,15.91,36.36,47.73
1i2v,DKLIGSCVWGAVNYTSDCNGECLLRGYKGGHCGSFANVNCWCET,CCECCCCHCCCCCCECCEEHHHHHHECCCECEEEECCCEEEEEE,15.91,36.36,47.73
1p00,DKLIGSCVWGAVNYTSNCRAECKRRGYKGGHCGSFANVNCWCET,CEEEEECCCCCCCECCCHHHHHHHCCCCEEEEECCCCCEEEEEC,15.91,36.36,47.73
1p0a,DKLIGSCVWGAVNYTSNCNAECKRRGYKGGHCGSFLNVNCWCET,CEEEEECCCCCCCECCCHHHHHHHCCCCEEEECCCCCCEEEEEC,15.91,34.09,50.00
2amn,RVKRVWPLVIRTVIAGYNLYRAIKKK,CCCCCCCCHHHHHHHHHCCCHHHHCC,50.00,0.00,50.00
2gl1,KTCENLANTYRGPCFTTGSCDDHCKNKEHLRSGRCRDDFRCWCTRNC,CEEEEECCCCCCCCCCHHHHHHHHHHCCCCCEEEECCCCCEEEEEEC,21.28,31.91,46.81
2l2r,GSGRGSCRSQCMRRHEDEPWRVQECVSQCRRRRGGGD,CCCCCCHHHHHHHHCCCCHHHHHHHHHHHHCCCCCCC,54.05,0.00,45.95
2lj7,KTCENLSDSFKGPCIPDGNCNKHCKEKEHLLSGRCRDDFRCWCTRNC,CEEEEECECCCCCECCCCEEHCHHHHCCHHCEEEECCCCCEEEEEEC,14.89,40.43,44.68
2lr3,RTCESQSHKFKGPCASDHNCASVCQTERFSGGRCRGFRRRCFCTTHC,EEC,0.00,66.67,33.33
2mmm,GGLKKLGKKLEGAGKRVFKASEKALPVVVGIKAIGK,CCCCHHHCHHHHCCCEECHHHHCCCCCHHCHHHCCC,44.44,5.56,50.00
3psm,KTCENLADTFRGPCFTDGSCDDHCKNKEHLIKGRCRDDFRCWCTRNC,CEEEEECCCCCCCCCCHHEHHHHHHHCCHHCEEEECCCCCEEEEEEC,23.40,34.04,42.55
5u9y-5ua8-5u9s,GVVDILKGAAKDIAGHLASKVMNKL,CCCHEHHCCHHHHHHHHHHHHHHCC,68.00,4.00,28.00
5ua7-5u9x-5u9r,GVVDILKGAAKDIAGHLASKVMN,CCCHEHHCCHHHHHHHHHHCCCC,56.52,4.35,39.13
5ukz,KYYGNGVTCGKHSCSVDWGKATTCIINNGALAWATGGHQGNHKC,CECCCCEECCCCCCCCCCCCCEEEEECCCCHHHHCCCCCCCCCC,9.09,18.18,72.73
6duu,FLPIIINLKALAALAKKIL,CCCCHHHHHHHHHHHHHHC,73.68,0.00,26.32
6nom,KTCENLSGTFKGPCIPDGNCNKHCRNNEHLLSGRCRDDFRCWCTNRC,CEEEEECCCCCCCECCCCEEEEEECCCCHHCEEEECCCCCEEEEEEC,4.26,46.81,48.94
6o8j,AGKETIRQYLKNEIKKKGRKAVIAW,CCCCCHHHHHHHHHHHHCCHHHCCC,60.00,0.00,40.00
6o8p,AGKEKIRKKLKNEIKKKGRKAVIAW,CCCEHHHHHHHHHHHHHCCHHHCCC,64.00,4.00,32.00
6o8r,AWKEKIRKKLKNEIKKKGRKAVIAW,CCHHHHHHHHHHHHHHHCCHHHCCC,72.00,0.00,28.00
6o8s,AGKEKIRKKLKNEIKKKWRKAVIAW,CCCEHHHHHHHHHHHHHHHHHHCCC,72.00,4.00,24.00
6o8t,AWKEKIRKKLKNEIKKKWRKAVIAW,CCHHHHHHHHHHHHHHHHHHHHCCC,80.00,0.00,20.00
6vpn,KTCENLADTYKGPCFTTGSCDDHCKNKEHLRSGRCRDDFRCWCTKNC,CEEEEECCCCCCCCCCHHHHHHHHHHCCCCCEEEECCCCCEEEEEEC,21.28,31.91,46.81
7c2p,RTCESQSHKFKGPCLRASNCANVCKTEGFHGGKCRGFRRRCFCTKHC,EECCCECCCCHCCCCCCCCCHCHCEHHCCECCCCCEEECCCEEEEEE,10.64,29.79,59.57
1bk8,LCNERPSQTWSGNCGNTAHCDKQCQDWEKASHGACHKRENHWKCFCYFNC,CCEEECCCCCCCCCCCHHHHHHHHHCCCCCCEEEEEEECCEEEEEEEECC,18.00,36.00,46.00
1cix,YSRCQLQGFNCVVRSYGLPTIPCCRGLTCRSYFPGSTYGRCQRY,CCCCCCCCEEECCCCCCCCCCCCCCCCEEEECCCCCCCEEEECC,0.00,25.00,75.00
1e4q,PVTCLKSGAICHPVFCPRRYKQIGTCGLPGTKCCKKP,CCCCCCCCCEEEECCCCCCCEEEECCCCCCEEEEECC,0.00,35.14,64.86
1f0g-1d9p,KLKLFKKIGIGKFLHSAKKF,CCCHHHHCCCCHHHHHHHCC,55.00,0.00,45.00
1f0h-1d9o,KAKLFKKIGIGKFLHSAKKF,CCCCCCHCCCCHHHHHHHCC,40.00,0.00,60.00
1fqq-1fd4-1fd3-6cs9,GIGDPVTCLKSGAICHPVFCPRRYKQIGTCGLPGTKCCKKP,CCCCCCHHCCCCCEEEECCCCCCCEEEECCCCCCEEEEECC,4.88,31.71,63.41
1jkz,KTCEHLADTYRGVCFTNASCDDHCKNKAHLISGTCHNWKCFCTQNC,CEEEEECCCCCCCCCCHHHHHHHHHHHCCCCCEEEECCEEEEEEEC,23.91,34.78,41.30
1zmm,VCSCRLVFCRRTELRVGNCLIGGVSFTYCCTRV,CEEEECCCCCCCCEEEEEEEECCEEEEEEECCC,0.00,57.58,42.42
2gdl,LVQRGRFGRFLRKIRRFRPKVTITIQGSARF,CCCCHHHHCCCCCCCCCCCCCHHHHHHHHHC,41.94,0.00,58.06
2jpy,FLSLIPHAINAVSTLVHHF,CCCCHHHHHHHHHHHHHHC,73.68,0.00,26.32
2jq1,FLSLIPHAINAVSALANHG,CCCCHHHHHHHHHHHCCCC,57.89,0.00,42.11
2k6o-5nnk-5nmn-5nnm-5nnt,LLGDFFRKSKEKIGKEFKRIVQRIKDFLRNLVPRTES,CHHHHHHHHHHHHHHHHHHHHHHHHHHHHHHCCCCCC,81.08,0.00,18.92
2k7g,GVPICGETCTLGTCYTAGCSCSWPVCTRN,CEEEEEEECCCCCCCCCCEEEECCEEEEC,0.00,51.72,48.28
2la2,RWKIFKKIEKVGRNVRDGIIKAGPAVAVVGQAATVVK,CCCHHHHHHHHCEEEECCHCCCCCCEHHHCHHHCCCC,40.54,13.51,45.95
2lxo,GIINTLQKYYCRVRGAICHPVFCPRRYKQIGTCGLPGTKCCKKP,CCCCCCCCCHHECCCCEEEECCCCCCCEEEECCCCCCEEEEECC,4.55,31.82,63.64
3ngg,KDRPKKPGLCPPRPQKPCVKECKNDDSCPGQQKCCNYGCKDECRDPIFVG,CCCCCCCCECCCCCCCCCCECCCCHHHCCCCCEEEECCCCEEEECCECCC,6.00,22.00,72.00
5khb,MGIIAGIIKVIKSLIEQFTGK,CCCCHHHHHHHHHHHHHHCCC,66.67,0.00,33.33
5lcs,QPFIPRPIDTCRLRNGICFPGICRRPYYWIGTCNNGIGSCCARGWRS,CCCCCCCCCEHHHCCEEEECCCECCCCEEEEEECCCCCEEECCCCCC,6.38,31.91,61.70
5u9q-5ua6-5u9v,GVVDILKGAAKDIAGHLASKVM,CCCHEHHCCHHHHHHHHHHCCC,59.09,4.55,36.36
6b9w,GSACQFWSCNSSCISRGYRQGYCWGIQYKYCQCQ,CCEECCCECCEHEECCCCCEEEEECCEEEEEEEC,2.94,52.94,44.12
6bam,GSACQFWSCNSSCISRGYRQGKCWGIQYKYCQCQ,CCEECCCECCEHEECCCCCEEEEECCEEEEEEEC,2.94,52.94,44.12
6bb6,GMACQFWSCNSSCISRGYRQGKCWGIQYKYCQCY,CCEECCCECCEHEECCCCCEEEEECCEEEEEEEC,2.94,52.94,44.12
6bi5,GMACQFWSCNSSCISRGYRQGKCWGKYCQCY,CCEECCCECCEHEECCCCCEEEEECCEEEEC,3.23,48.39,48.39
6dhr,GLPICGETCLLGKCYTPGCSCRRPVCYKN,CECEECEECCCCECCCCCEEEECCEEEEC,0.00,48.28,51.72
6dmq,VCSCRLVFCRRTELRVGNCLIGGVSFAYCCTRV,CEEEECCCCCCCCEEEEEEEECCEEEEEEECCC,0.00,57.58,42.42
1kj6,GIINTLQKYYCRVRGGRCAVLSCLPKEEQIGKCSTRGRKCCRRKK,CCCCCCCCCHHHHHCCEEECCCCCCCEEEEECCCCCCCEEEEECC,11.11,28.89,60.00
2mmj,GLFGVLAKVAGHVVGAIAEHF,CHHHHHHHHHCCHHHHHCCCC,66.67,0.00,33.33
2mn8-2mn9,GLFGVLAKVAAHGVGAIAEHF,CHHHHHHHHHHCCHCHHCCCC,61.90,0.00,38.10
2pm4,DCYCRIPACIAGEKKYGTCIYQGKLWAFCC,CCEEECCCCCCCCCEEEEEEECCEEEEEEC,0.00,53.33,46.67
6dmm,VCSCRLVFCRRTELRVGNCLIGAVSFTYCCTRV,CEEEECCCCCCCCEEEEEEEECCEEEEEEECCC,0.00,57.58,42.42
1cz6,RSVCRQIKICRRRGGCYYKCTNRPY,CCCCCEEEECCCCCCCEEEECCCCC,0.00,32.00,68.00
1fry,RGLRRLGRKIAHGVKKYGPTVLRIIRIAG,CCCCCCCCCCCCCCCCCCCCCCCCCCCCC,0.00,0.00,100.00
1lfc,FKCRRWQWRMKKLGAPSITCVRRAF,CECCCCEEECCCCCCCEEECCCCEC,0.00,32.00,68.00
1ohm,KYYGNGVHCGKHSCTVDWGTAIGCIGNNAAANWATGGNAGWNKC,CECCCCEECCCCCCCCCCHHHHHHHHHHHHHHCCCCCCCCCCCC,31.82,6.82,61.36
1x22,GKIPVKAIKKAGAAIGKGLRAINIASTAHDVYSFFKPKHKKK,CCCCHHHHHHHHHHHHHHHHHHHHHHHHHHHHHHHCCCCCCC,73.81,0.00,26.19
1xc0-2kns,GFFALIPKIISSPLFKTLLSAVGSALSSSGGQE,CCCCCHHHHCCCCCHHHHHHHHHHHCCCCCCCC,45.45,0.00,54.55
1ytr,KSSAYSLQMGATAIKQVKKLFKKWGW,CCCCCCCCCCCHHHHHHHHHHCCCCC,38.46,0.00,61.54
2b5k,RRWCFRVCYRGRFCYRKCR,CCCCCCEECCCCCEECCCC,0.00,21.05,78.95
2dcv,YVSCLFRGARCRVYSGRSCCFGYYCRRDFPGSIFGTCSRRNF,CCCCECCCCEEECCCCCCECCCEEEEECCCCCCEEEEEECCC,0.00,38.10,61.90
2dcw,YITCLFRGARCRVYSGRSCCFGYYCRRDFPGSIFGTCSRRNF,CCCCECCCCEEECCCCCCECCCEEEEECCCCCCEEEEEECCC,0.00,38.10,61.90
2jq0,FLSLIPHAINAVSAIAKHN,CCCCHHHHHHHHHHHHHHC,73.68,0.00,26.32
2jr8,GKIPVKAIKQAGKVIGKGLRAINIAGTTHDVVSFFRPKKKKH,CCCCHHHHHHHHHHHHHHHHHHHHHHHHHHHHHHHCCCCCCC,73.81,0.00,26.19
2k38,GFGALFKFLAKKVAKTVAKQAAKQGAKYVVNKQME,CCCCHHHHHHHCHHHHCCCCCCCCCCCCCCCCCCC,31.43,0.00,68.57
2l1q,MTPFWRGVSLRPIGASCRDDSECITRLCRKRRCSLSVAQE,CCCCCCCCCCECCCCECCCHHHECCCCEECCEECCCCCCC,7.50,17.50,75.00
2lam,GLPTCGETCTLGTCYVPDCSCSWPICMKN,CECCCCCECCCCCCCCCCCEEECCEEEEC,0.00,31.03,68.97
2m9o,GLPVCGETCTLGTCYTQGCTCSWPICKRN,CCCCCCEECCCCCCCCCCCEEECCEEEEC,0.00,31.03,68.97
4gv5-1z99-1h5o,YKQCHKKGGHCFPKEKICLPPSSDFGKMDCRWRWKCCKKGSG,CHHHHHHCEEEEECCCCCCCCCCECCCCCCCCCEEEEECCCC,14.29,26.19,59.52
5id5-5i4g,SKCRQWQSKIRRTNPIFCIRRASPT,CECECHCHHHCCCCCHEECCCCCCC,20.00,16.00,64.00
5v0y,GFCWYVCVYRNGVRVCYRRCN,CCCEEEEEEEECEEEEEEECC,0.00,71.43,28.57
5v11,GFCWYVCARRNGARVCYRRCN,CCCEEEECCECCCEEEEEECC,0.00,52.38,47.62
5x3l,GLGSVFGRLARILGRVIPKV,CCCCHHCHHHHHHCCCCCCC,40.00,0.00,60.00
5y0h,GFAWNVCVYRNGVRVCHRRAN,CCCCEEEEEEECEEEEEECCC,0.00,61.90,38.10
5y0i,GFCWNVCVYRNGVRVCHRRCN,CECCCEEEEEECEEEECEEEC,0.00,66.67,33.33
5y0j,AFCWNVCVYRNAVRVCHRRCN,CCCCCEEECEECEEEECEEEC,0.00,57.14,42.86
7c31,RVCESQSHKFEGACMGDHNCALVCRNEGFSGGKCKGLRRRCFCTKLC,CCCEHCCHHCCCEEECCCCCHHEHCCCCCCCEEEECCCCEEEEEEEC,12.77,34.04,53.19
1cw5,VNYGNGVSCSKTKCSVNWGQAFQERYTAGINSFVSGVASGAGSIGRRP,CCCCCCCCCCCCCCCCCHHHHHHHHHHHHHHHHHHHHHHHHCCCCCCC,50.00,0.00,50.00
1fjn,GFGCPNNYQCHRHCKSIPGRCGGYCGGWHRLRCTCYRCG,CCCCCCHHHHHHHHHHCCCCCEEEECCCCCCCEEEECCC,25.64,20.51,53.85
1ib9-1ha9,SGSDGGVCPKILKKCRRDSDCPGACICRGNGYCG,CCECCECCCCCCCECCCHHHCCCCEEECCCCEEC,8.82,23.53,67.65
1iyc,ELPKLPDDKVLIRSRSNCPKGKVWNGFDCKSPFAFS,CCCCCCCCCCCCCCCCCCCCCCEEECCEEECHHHCC,8.33,16.67,75.00
1jmn,KSCCPNTTGRNIYNTCRFGGGSRQVCASLSGCKIISASTCPSDYPK,CEECCCHHHHHHHHHHHCCCCCCHHHHHHHCCEECCCCCCCCCCCC,39.13,8.70,52.17
1jmp,KSCCPNTTGRNIYNTCRLGGGSRERCASLSGCKIISASTCPSDYPK,CEECCCHHHHHHHHHHHHCCCCHHHHHHHHCCEECCCCCCCCCCCC,43.48,8.70,47.83
1ohn-1og7,KYYGNGVHCGKHSCTVDWGTAIGNIGNNAAANWATGGNAGWNK,CECCCCEECCCCCCCCCCHHHHHHHHHHHHHHCCCCCCCCCCC,32.56,6.98,60.47
1okh-1ed0,KSCCPNTTGRNIYNACRLTGAPRPTCAKLSGCKIISGSTCPSDYPK,CEECCCHHHHHHHHHHHHCCCCHHHHHHHHCCEECCCCCCCCCCCC,43.48,8.70,47.83
2a2b,ARSYGNGVYCNNKKCWVNRGEATQSIIGGMISGWASGLAGM,CCCCCCCCECCCCCCCCCHHHHHHCCCCHHHHHHHHHHHCC,41.46,2.44,56.10
2fcg,IGKEFKRIVQRIKDFLRNLVPRTES,CCCCHHHHHHHHHHHHHHHCCCCCC,60.00,0.00,40.00
2it8,GVCPKILKKCRRDSDCPGACICRGNGYCG,CCCCCCCCECCCHHHCCCCEEECCCCEEC,10.34,20.69,68.97
2l96,KKLKLAPAKLALLWKALALKLKKA,CCCCCCCHHHHHHHHHHHHHHHCC,62.50,0.00,37.50
2l99,KKLKLALAKPALLWKALALKLKKA,CCCHHHHCCCHHHHHHHHHHHHCC,66.67,0.00,33.33
2l9a,KKLKLALAKLAPLWKALALKLKKA,CCCHHHHHHCCCHHHHHHHHHHCC,66.67,0.00,33.33
2lb7,AQRCGDQARGAKCPNCLCCGKYGFCGSGDAYCGAGSCQSQCRGC,CEECEHHHCCECCCCCCEEECCCEEECCHHHHCCCCEEECCCCC,15.91,29.55,54.55
2lmf,LLGDFFRKSKEKIGKEFKRIVQR,CHHHHHHHHHHHHHHHHHHHCCC,82.61,0.00,17.39
2n1c-2n30,FEDLPNFGHIQVKVFNHGEHIHH,CCCCCCCCCECEHHECCCCCCCC,8.70,13.04,78.26
2n4k,KYYGNGVSCNKKGCSVDWGKAIGIIGNNAAANLTTGGKAGWKG,CECCCCCEECCCCEECCCHHHHHHHHHHHHHHHHCCCCCCCCC,37.21,11.63,51.16
2po8,CPKILKKCRRDSDCPGACICRGNGYCGSGSDGGV,CCCCCCECCCHHHCCCCEEECCCCEEEEHHHCCC,17.65,23.53,58.82
2v9b,KSCCPNTTGRDIYNTCRLGGGSRERCASLSGCKIISASTCPSDYPK,CEECCCHHHHHHHHHHHHCCCCHHHHHHHHCCEECCCCCCCCCCCC,43.48,8.70,47.83
3c8p,KSCCPSTTGRNIYNTCRLTGSSRETCAKLSGCKIISASTCPSNYPK,CEECCCHHHHHHHHHHHHCCCCHHHHHHHHCCEECCCCCCCCCCCC,43.48,8.70,47.83
4qae-2kef-1m4f-6wbv,DTHFPICIFCCGCCHRSKCGMCCKT,CCCCCCCEEEECCCCCCCEEEECCC,0.00,32.00,68.00
5wov,GGVCPKILQRCRRDSDCPGACICRGNGYCGSGSD,CCCCCCCCCECCCHHHCCCCEEECCCCEEEECCC,8.82,23.53,67.65
5wow,GGVCPKILQRCRRDSDCPGACICRGNGYCGYPYDVPDYA,CCCCCCCCCECCCHHHCCCCEEECCCCEEEECCCCCCCC,7.69,20.51,71.79
6kra,RRTCRCRFGRCFRRESYSGSCNINGRIFSLCCR,CCCEEEECCEEECCCEEEEEEEECCEEEEEEEC,0.00,66.67,33.33
1jau-1jav,KWASLWNWFNITNWLWYIK,CCCCHHHHHCHHHHHHHHC,68.42,0.00,31.58
1pt4-2kch,CGETCFGGTCNTPGCSCTWPICTRDGLPV,CCCECCCCCCCCCCCEEECCEEEECCECC,0.00,31.03,68.97
1q71-1pp5,GGAGHVPEYFVGIGTPISFYG,CECCCEECCCCCCCCCCCEEC,0.00,23.81,76.19
1u0i,EIAALEKEIAALEKEIAALEK,CHHHHHHHHHHHHHHHHHHHC,90.48,0.00,9.52
1ut3,SFGLCRLRRGFCARGRCRFPSIPIGRCSRFVQCCRRVW,CCCCCCCCCCEEECCCCCCCEEEEEECCCCCEEEEECC,0.00,36.84,63.16
1xv3,HSSGYTRPLRKPSRPIFIRPIGCDVCYGIPSSTARLCCFRYGDCCHL,CCCCCCCCCCCCCCCCCCCCCCCCCCCCCCHHHHHHHHHCCCCCCCC,19.15,0.00,80.85
2i2j,SGSLSTFFRLFNRSFTQALGK,CCCCHHHHHHHHHHHHHHHCC,71.43,0.00,28.57
2igr,KWKVFKKIEKKWKVFKKIEKAGPKWKVFKKIEK,CCCHHHHHHHHHHHHHHHHHHCCHHHHHHHHHC,81.82,0.00,18.18
2jpk-2jpm,KKWGWLAWVDPAYEFIKGFGKGAIKEGNKDKWKNI,CCCCHHHHHHHHHHHHHHHCCCCCCCCCCCCHHHC,51.43,0.00,48.57
2jpl-2jpj,GTWDDIGQGIGRVAYWVGKALGNLSDVNQASRINRKKKH,CCHHHHHHHHHHHHHHHHHHHCCCCHHHHHHHHHHHHCC,79.49,0.00,20.51
2jwm,CGETCTLGTCYTQGCTCSWPICKRNGLPV,CCCECCCCCCCCCCCEEECCEEECCCCCC,0.00,24.14,75.86
2k1i,RRTCHCRSRCLRRESNSGSCNINGRIFSLCCR,CCCEEEECCCCCCCEEEEEEEECCEEEEEEEC,0.00,59.38,40.62
2lg4,AACSDRAHGHICESFKSFCKDSGRNGVKLRANCKKTCGLC,CCCCCCCCCCCECCCCCCCCCCCCCCEEEECECHHCCCCC,5.00,15.00,80.00
2m6a,ADDRCERMCQRYHDRREKKQCMKGCRYG,CCCEECHEHCCECHHHCCEEECCCECCC,17.86,28.57,53.57
2m9r-2m9s-2lmo-2lmp-2m4j,DAEFRHDSGYEVHHQKLVFFAEDVGSNKGAIIGLMVGGVV,CCCCCCCCCCCCCHHHHHHHHHHHECCCCCEEEEEECCCC,27.50,17.50,55.00
2mfs,CVLIGQRCDNDRGPRCCSGQGNCVPLPFLGGVCAV,CECCCCEEECCCCCCECCCCCEEEECCCCCEEEEC,0.00,37.14,62.86
2n1e,VKVKVKVKVPPTKVKVKVKV,CCCEHEECCCCCCEEHEECC,10.00,35.00,55.00
2n6m-5xdj,GIFSKLAGKKIKNLLISGLKG,CCCHHHHCHHHHHHHHHCCCC,61.90,0.00,38.10
2pv6,ELDKWASLWNWFNITNWLWYIK,CECHHHHHHHHHCHHHHHHHHC,77.27,4.55,18.18
3e4h,CGETCTLGTCYTAGCSCSWPVCTRNGVPI,CCCECCCCCCCCCCEEEECCEEEECCECC,0.00,34.48,65.52
5lm0,ADDRCYRMCQRYHDRREKKQCKEGCRYG,CCCEEHHEHCCECHHHCCHEHCCCCCCC,28.57,17.86,53.57
5nce,RMCKTPSGKFKGYCVNNTNCKNVCRTEGFPTGSCDFHVAGRKCYCYKPCP,CCEECCCCCCCEEEECCCEHHEEHECCCCCCEEEEECECCCEEEEEECCC,6.00,44.00,50.00
5xol,GSKKPVPIIYCNAATGKCQRM,CCCCCCCCEEEECCCCEEEEC,0.00,38.10,61.90
6r2x,FETLRGDERILSILRHQNLLKELQD,CCCCCCCHHHHHHHHHHHHHHHHCC,64.00,0.00,36.00
6wpo,GIGDILKNLAKAAGKAALHAVGESL,CCCHHHHHHHHHHHHHHHHHHHCCC,76.00,0.00,24.00
1bh4,CGESCVWIPCISAALGCSCKNKVCYRNGIP,CCCECCCCCCCHHHHCCCEECCEECCCCCC,13.33,16.67,70.00
1bnb,APLSCGRNGGVCIPIRCPVPMRQIGTCFGRPVKCCRSW,CCCCCCCCCCEEEECCCCCCCEEEEEECCCCEEEEECC,0.00,39.47,60.53
1kv4,AKIPIKAIKTVGKAVGKGLRAINIASTANDVFNFLKPKKRKA,CCCCHHHHHHHHHHHHHHHHHHHHHHHHHHHHHHCCCCCCCC,71.43,0.00,28.57
1mm0,ACNFQSCWATCQAQHSIYFRRAFCDRSQCKCVFVRG,CCCHHHHHHHHHHHCCCCEEEEEEECCEEEEEECCC,30.56,36.11,33.33
1pxq,NKGCATCSIGAACLVDGPIPDFEIAGATGLFGLWG,CCCCCCCCCCCCCCCCCCCCCCCCCCCCHHHCHCC,11.43,0.00,88.57
1tyk-1lu8,GCLEFWWKCNPNDDKCCRPKLKCSKLFKLCNFSF,CCCCCCCECCCCCCCECCCCEEEECCCCEEEECC,0.00,29.41,70.59
1w9n,ASIVKTTIKAAKKLCRGFTLTCGCHFTGKK,CCECHCHHHHHHCEECCCCEECCEECCCCC,23.33,23.33,53.33
1zrv-1zrw,HVDKKVADKVLLLKQLRIMRLLTRL,CCCHHHHHHHHHHHHHHHHHHHHCC,80.00,0.00,20.00
2eri,CGESCVFIPCISTLLGCSCKNKVCYRNGVIP,CCEECCCCCCCCCCCCCEEECCEEEECCCEC,0.00,32.26,67.74
2fqa,SAISCGETCFKFKCYTPRCSCSYPVCK,CCCCCCCECCCCCCEECCEEEECCEEC,0.00,33.33,66.67
2kus,SGPNGQCGPGWGGCRGGLCCSQYGYCGSGPKYCAH,CCCCCECECCCECCCCCCEECCCCEEECCHHHHCC,11.43,22.86,65.71
2mij,GLGKAQCAALWLQCASGGTIGCGGGAVACQNYRQFCR,CCCCHHHHHHCHECECCCEECCCCCCECECHCCEEEC,21.62,24.32,54.05
2nle,DHYNCVSSGGQCAYSACPIFTKIQGTCYRGKAKCCK,CHHHHHHCCCEEECCCCCCCCCEEEEECCCCEEEEC,16.67,33.33,50.00
2nlg,DHYNCVSSGGQCLYSACPIFTEIQGTCYRGKAKCCK,CHHHHHHCCCEEECCCCCCCCCEEEEECCCCEEEEC,16.67,33.33,50.00
2nlq,DHYNCVSSGGQCLYSACPIFTKIQGTCYRGAAKCCK,CHHHHHHCCCEEECCCCCCCCCEEEEECCCCEEEEC,16.67,33.33,50.00
2nls,DHYNCVSSGGQCLYSACPIFTKIQGTCYRGEAKCCK,CHHHHHHCCCEEECCCCCCCCCEEEEECCCCEEEEC,16.67,33.33,50.00
4lbf,ACYCRIPACIAGERRYGTCAYQGRAWAFCC,CCEEECCCCCCCCCEEEEEEECCEEEEEEC,0.00,53.33,46.67
6wux,NLVSDIIGSKKHMEKLISIIKKCR,CCCCHHCCCCCCHHHHHHHHEEEC,41.67,12.50,45.83
1avf,AVVKVPLKKFKSIRETMKEKGLLGEF,CCCCCCCHHHHHHHHHHHHHHCCCCC,53.85,0.00,46.15
1dkc,AGCIKNGGRCNASAGPPYCCSSYCFQIAGQSYGVCKNR,CCCCCCCEEECCCCCCCCCCCCEEEEECCCCEEEEECC,0.00,34.21,65.79
1ot0-1p0j,AKKVFKRLEKLFSKIQNWK,CCCCHHHHHHHHHHHHHHC,73.68,0.00,26.32
1ozz,DKLIGSCVWGAVNYTSNCNAECKRRGYKGGHCGSFANVNCWCET,CEEEEECCCCCCCECCCHHHHHHHCCCCEEEEECCCCCEEEEEC,15.91,36.36,47.73
1p0g,AKKVFKRLEKLFSKIQNDK,CCCCHHHHHHHHHHHHCCC,63.16,0.00,36.84
1p0l,AKKVFKRLEKLFSKIWNDK,CCCCHHHHHHHHHHHHHHC,73.68,0.00,26.32
1p0o,AKKVFKRLEKLFSKIWNWK,CCCCHHHHHHHHHHHHHHC,73.68,0.00,26.32
1p5k,AKKVFKRLEKSFSKIQNDK,CCCCHHHHHHHHHHHHCCC,63.16,0.00,36.84
1p5l,AKKVSKRLEKLFSKIQNDK,CCCCHHHHHHHHHHHHCCC,63.16,0.00,36.84
1q3j,CIKNGNGCQPNGSQGNCCSGYCHKQPGWVAGYCRRK,CCCCCCEEECCCCCCCCCCCCEECCCCCCCEEECCC,0.00,22.22,77.78
1vb8,CAESCVWIPCTVTALLGCSCSNKVCYNGIP,CCCCCCCCCCCCCHHHCCEECCCEEECCCC,10.00,16.67,73.33
1zmk-1zmh,CYCRIPACIAGERRYATCIYQGRLWAFCC,CEEECCCCCCCCCEEEEEEECCEEEEEEC,0.00,55.17,44.83
2jos-2ojm-2mcv-2mcu-6pf0,FFHHIFRGIVHVGKTIHRLVTG,CCCCCCCCHHHHHHHHHHHHHC,59.09,0.00,40.91
2nao,DAEFRHDSGYEVHHQKLVFFAEDVGSNKGAIIGLMVGGVVIA,CCCCCCCCCCCCCHHHHHHHHHHHECCCCCEEEEEEEEEEEC,26.19,28.57,45.24
2ojn,FFHHIFRPIVHVGKTIHRLVTG,CCCCCCCCCCHHHHHHHHHHHC,50.00,0.00,50.00
2ojo,FFHHIFRAIVHVAKTIHRLVTG,CCCHHHHHHHHHHHHHHHHHHC,81.82,0.00,18.18
4ozk,ACQCPDAISGWTHTDYQCHGLENKMYRHVYAICMNGTQVYCRTEWGSSC,CCECCCCCCCEEECCHECCCCCCHHHHHCHEEECCCCEEEEEECCCCCC,14.29,28.57,57.14
5kk4-5vyp,AKDCKRESNTFPGICITKPPCRKACIREKFTDGHCSKILRRCLCTKPC,CCCCEEECCCCCCCCCCHHHHHHHHHHCCCCEEEECCCCCCEEEEEEC,20.83,27.08,52.08
5zv6,AGECVRGRCPGGLCCSKFGFCGSGPAYCGG,CCECECCCCCCCEEEECCCEEECCHHCECC,6.67,33.33,60.00
6b55,ARECKTESNTFPGICITKPPCRKACISEKFTDGHCSKILRRCLCTKPC,CCEEEEECCCCCCCCCCHHHHHHHHHHCCCCEEEECCCCCCEEEEEEC,20.83,31.25,47.92
6lwy,ACQCPDAISGWTHTDYQCHGLEKKMYRHVYAICMNGSQVYCRTEWGSSC,CCECCCCCCCEEECCHECCCCCHHHHHHCHEEECCCCEEEEEECCCCCC,16.33,28.57,55.10
6mry,ARQCKAESNTFTGICIAKPPCRQACIREKFTDGHCSKVLRRCLCTKRC,CCCEEEECCCCCCEECCHHHHHHHHHHCCCCEEEECCCCCCEEEEECC,20.83,31.25,47.92
7kpd,AIPCGESCVYIPCISVVIGCSCRNKVCYR,CEECCEECCCCCCCHHHCCCEEECCEECC,10.34,31.03,58.62
2k10,GILSSFKGVAKGVAKDLAGKLLETLKCKITGC,CHHHHHHHHHHHHHHHHHHHHCCCCHHHHHCC,78.12,0.00,21.88
2k9b-2jx6,GLWSKIKAAGKEAAKAAAKAAGKAALNAVSEAV,CCCCCCCHHHHHHHHHHHHHHHHHHHHHHHHHC,75.76,0.00,24.24
2ket,GRFKRFRKKFKKLFKKLSPVIPLLHL,CCHHHHHHHHHHHHHHHCCCCHHHHC,73.08,0.00,26.92
2khg-2khf,GAWKNFWSSLRKGFYDGEAGRAIRR,CCHHHHHHHHHHHHCCCHHHHCCCC,64.00,0.00,36.00
2knm-2kcg-2knn,GIPCGESCVWIPCISSAIGCSCKSKVCYRN,CEEEECCCCCCCCCHCHHCCEEECCEEEEC,10.00,36.67,53.33
2lr5,GFGCPFNENECHAHCLSIGRKFGFCAGPLRATCTCGKQ,CCCCCCCCCHHHHHHHHCCCCCEEEECCCECEEEEECC,21.05,26.32,52.63
2mn1,GLPVCGETCVGGTCNTPGCTCSWWPVCTRN,CCCCCCCECCCCCCCCCCCEEECCCEEEEC,0.00,26.67,73.33
4ttm-2khb,GLPVCGETCVGGTCNTPGCTCSWPVCTRN,CCCCCCCECCCCCCCCCCCEEECCEEEEC,0.00,27.59,72.41
4ttn,GLPVCAETCVGGTCNTPGCTCSWPVCTRN,CCCCCCCECCCCCCCCCCCEEECCEEEEC,0.00,27.59,72.41
4tto,GLPVCGETCVGGTCNTPGCTCSWPACTRN,CCCCCCCECCCCCCCCCCCEEECCEEEEC,0.00,27.59,72.41
5cgo,GIGKFLHAAKKFGKAFVAEIMNS,CCCHHHHHHHHHHHHHHHHHCCC,73.91,0.00,26.09
5h2s,FIHHIIGGLFSAGKAIHRLIRRRRR,CCCCHHHCHHHCHHHHHHHHHECCC,60.00,4.00,36.00
5xok,GSKKPVPIIACNRRTGKCQRA,CCCCCCCCEEEEHHHCEEEEC,14.29,38.10,47.62
1jjz-1k48,NGLPVCGETCVGGTCNTPGCTCSWPVCTR,CCCCCCCCECCCCCCCCCCCEEECCECCC,0,17.24,82.76
2df0-2na5,IKPEAPGEDASPEELNRYYASLRHYLNLVTRQRY,CCCCCCCCCCCCCCCHHHHHHHHHHHHHHCCCCC,41.18,0,58.82
2dtb-2kam-1dtc,MAQDIISTIGDLVKWIIDTVNKFTKK,CHHHHHHHHHHHHHHHHHHHHHHCCC,84.62,0,15.38
2hfr,KRFWPLVPVAINTVAAGINLYKAIRRK,CCCCCCCCCHHHHHHHHHCCCCCCCCC,33.33,0,66.67
2lg5,LFCKGGSCHFGGCPSHLIKVGSCFGFRSCCKWPWNA,CCCCCCEEECCCCCCCCHECEEEECCCEEEECCCCC,2.78,33.33,63.89
2lg6,LFCKGGSCHFGGCPSHLIKVGSCFGFRSCCAWPWNA,CCCCCCEEECCCCCCCCHECEEEECCCEEEECCCCC,2.78,33.33,63.89
2ls9-1z64,GWGSFFKKAAHVGKHVGKAALTHYL,CHHHHHHHHHHHHHHHHHHHCCCCC,76,0,24
2rri-2rrh,HSDAVFTDNYTRLRKQMAVKKYLNSILNG,CCCHHHHHHHHHHHHHHHHHHHHHHHHHC,86.21,0,13.79
4aaz-4ab0-4cqk-1mr4,RECKTESNTFPGICITKPPCRKACISEKFTDGHCSKILRRCLCTKPC,CEEEEECCCCCCCCCCHHHHHHHHHHCCCCEEEECCCCCCEEEEEEC,21.28,31.91,46.81
5xo3-5xoa-6afq,GSKKPVPIIYCNRRTGKCQRF,CCCCCCCCEEEEHHHCEEEEC,14.29,38.1,47.62
5xo9-5xo4-6aab-8tfv,GSKKPVPIIYCNRRTGKCQRM,CCCCCCCCEEEEHHHCEEEEC,14.29,38.1,47.62
6rsg,GWGSFFKKAAHAGKHAGKAALTHYL,CHHHHHHHHHHHHCHHHHHHCCCCC,72,0,28
1lv4,SSMKLSFRARAYGFRGPGPQL,CCCCCCCCCCCCCCCCCCCCC,0,0,100
1mmc,VGECVRGRCPSGMCCSQFGYCGKGPKYCGR,CCECCCCCCCCCCEECCCCEEECCHHHHCC,13.33,20,66.67
1ti5,RTCMIKKEGWGKCLIDTTCAHSCKNRGYIGGNCKGMTRTCYCLVNC,CCEEEECHHHCCCCCCHHHHHHHHHHHCCEEEEECCCCEEEEEECC,30.43,32.61,36.96
1znt,VGECVRGRCPSGMCCSQFGFCGKGPKYCGR,CCECCCCCCCCCCEECCCCEEECCHHHHCC,13.33,20,66.67
1zuv,VGECVRGRCPSGMCCSQWGYCGKGPKYCGR,CCECCCCCCCCCCEECCCCEEECCHHHHCC,13.33,20,66.67
1zwu,VGECVRGRCPSGMCCSQAGYCGKGPKYCGR,CCECCCCCCCCCCEECCCCEEECCHHHHCC,13.33,20,66.67
2jni-2l8x,RWCVYAYVRIRGVLVRYRRCW,CCEEEEEEEECCEEEEEEEEC,0,76.19,23.81
2jsb,RWCVYAYVRVRGVLVRYRRCW,CCEEEEEEEECCEEEEEEEEC,0,76.19,23.81
2ln4,VTCDVLSFEAKGIAVNHSACALHCIALRKKGGSCQNGVCVCRN,CCCECCHHHHCCHECCCHHHHHHHHHHCHCCEEEECCEEECEC,37.21,23.26,39.53
2mdl,TCHIRRKPKFRKFKLYHEGKFWCP,CCCCCCCCCCHHHHHHHCCEECEC,29.17,12.5,58.33
2n92,SWLSKTAKKLENSAKKRISEGIAIAIQGGPR,CCCCHHHHHHHHHHHHCHHCCHHHHHCCCCC,61.29,0,38.71
2oon,YPAKPEAPGEDASAEELSRYYASLRHYLNLVTRQRY,CCCCCCCCCCCCCCCHHHHHHHHHHHHHHHHCCCCC,44.44,0,55.56
2pco,SMWSGMWRRKLKKLRNALKKKLKGEK,CCCCCCCHHHHHHHHHHHHHHHHCCC,61.54,0,38.46
2rlk-1qbf-1ru5-1ruu,YPAKPEAPGEDASPEELSRYYASLRHYLNLVTRQRY,CCCCCCCCCCCCCCCHCHHHHHHHHHHHHHHCCCCC,41.67,0,58.33
5j6t,IFGAIWPLALGALKNLIK,CCCCCCCHHHHHHHHHCC,50,0,50
5m9u,RWCVYAYRRVRGVLVRYRRCW,CCEEEEEEEECCEEEEEEEEC,0,76.19,23.81
6dmz,RTCQSQSHRFRGPCLRRSNCANVCRTEGFPGGRCRGFRRRCFCTTHC,CCECCCCHCCCCCCECCCEEHHHHCCCCCCCEEEECCCEEEEEEEEC,10.64,34.04,55.32
1f8p,YPSKPDNPGEDAPAEDLARYYSALRHYINLITRQRY,CCCCCCCCCCCCCCCCHHHHHHHHHHHHHHHHHHHC,52.78,0,47.22
1fvn,YPSKPDNPGEDAPAEDLARYYSALRHYINLAARQRY,CCCCCCCCCCCCCCCCHHHHHHHHHHHHHHHHCCCC,44.44,0,55.56
1icy,YPSKPDNPGEDAPAEDLARYYSALRHYINLAPRQRY,CCCCCCCCCCCCCCCCHHHHHHHHHHHHCCCCCCCC,33.33,0,66.67
1ron,YPSKPDNPGEDAPAEDMARYYSALRHYINLITRQRY,CCCCCCCCCCCCHHHHCHHHHHHHHHHHHHHHHHHC,61.11,0,38.89
1tz4,YPSKPDNPGEDAPAEDLAQYAADLRHYINLITRQRY,CCCCCCCCCCCCCCCCHHHHHHHHHHHHHHHHHHHC,52.78,0,47.22
2dez,YPIKPEAPGEDASPEELNRYYASLRHYLNLVTRQRY,CCCCCCCCCCCCCCCCCHHHHHHHHHHHHHHCCCCC,38.89,0,61.11
2oop,YPAKPEYPGEDASPEELSRYYASLRHYLNLVTRQRY,CCCCCCCCCCCCCCCHCHHHHHHHHHHHHHHCCCCC,41.67,0,58.33
